{"stat.chestOpened":4,"stat.pickup.minecraft.sign":1,"stat.leaveGame":13,"stat.pickup.minecraft.stained_glass_pane":1,"stat.useItem.minecraft.potion":29,"stat.drop.minecraft.sandstone":3,"stat.jump":2959,"stat.swimOneCm":4276,"achievement.cfm_moderntechnology":1,"stat.useItem.minecraft.planks":79,"stat.drop.minecraft.stone":2,"stat.drop.minecraft.dye":1,"stat.crouchOneCm":34027,"stat.useItem.minecraft.dirt":2,"stat.useItem.minecraft.stone_slab2":6343,"achievement.exploreAllBiomes":{"value":0,"progress":["Plains"]},"stat.useItem.minecraft.water_bucket":4,"stat.craftingTableInteraction":1,"stat.drop.minecraft.stained_glass_pane":2,"stat.pickup.minecraft.cobblestone":4,"achievement.cfm_install":13,"stat.pickup.minecraft.dye":1,"stat.pickup.minecraft.planks":6,"stat.useItem.customnpcs.npcwand":2,"stat.flyOneCm":8115772,"stat.pickup.minecraft.sandstone":4,"stat.pickup.minecraft.wheat_seeds":4,"stat.pickup.minecraft.quartz_block":1,"stat.timeSinceDeath":834198,"stat.pickup.minecraft.stained_hardened_clay":4,"stat.drop.minecraft.sandstone_stairs":1,"stat.useItem.minecraft.wooden_slab":1,"stat.useItem.customnpcs.npcmobcloner":2,"stat.pickup.cfm.shower_head_off":2788,"stat.walkOneCm":812719,"stat.trappedChestTriggered":1,"stat.pickup.minecraft.wooden_axe":12,"stat.useItem.minecraft.lava_bucket":3,"stat.drop.minecraft.wool":2,"stat.drop.minecraft.stone_slab":2,"stat.drop.minecraft.stained_hardened_clay":5,"stat.useItem.minecraft.milk_bucket":4,"stat.pickup.minecraft.stone":3,"stat.drop.minecraft.planks":6,"stat.pickup.minecraft.sandstone_stairs":1,"stat.pickup.minecraft.sapling":8,"stat.sprintOneCm":252996,"stat.pickup.minecraft.apple":1,"achievement.openInventory":148,"stat.useItem.minecraft.flint_and_steel":14,"stat.useItem.minecraft.bucket":6,"stat.drop":38,"stat.playOneMinute":834198,"stat.pickup.minecraft.birch_door":4,"stat.pickup.minecraft.red_flower":1,"stat.sneakTime":36551,"stat.pickup.minecraft.wool":2,"stat.drop.minecraft.quartz_block":1,"stat.pickup.minecraft.stone_slab":2,"stat.pickup.minecraft.yellow_flower":2,"stat.drop.minecraft.wooden_axe":13,"stat.diveOneCm":14413,"stat.useItem.minecraft.sandstone":246}