{"stat.useItem.minecraft.bow":69,"stat.leaveGame":21,"stat.pickup.minecraft.record_stal":2,"stat.useItem.minecraft.planks":19,"stat.useItem.minecraft.golden_shovel":4,"stat.pickup.minecraft.glass":8,"stat.pickup.customnpcs.npcwand":8,"stat.useItem.minecraft.water_bucket":44,"stat.pickup.minecraft.rotten_flesh":9,"stat.drop.minecraft.redstone_torch":1,"stat.useItem.minecraft.golden_sword":41,"stat.useItem.variedcommodities.rapier":19,"stat.pickup.minecraft.splash_potion":7,"stat.pickup.minecraft.brick_block":2,"stat.drop.minecraft.brick_block":2,"stat.pickup.variedcommodities.rapier":10,"stat.pickup.minecraft.record_ward":3,"stat.killEntity.Villager":1,"stat.drop.minecraft.golden_sword":1,"stat.pickup.minecraft.stained_hardened_clay":3,"stat.drop.minecraft.sandstone_stairs":1,"stat.useItem.minecraft.spawn_egg":17,"stat.killEntity.ZombieVillager":1,"stat.pickup.minecraft.wooden_button":2,"stat.pickup.variedcommodities.commissar_head":3,"stat.drop.minecraft.stone_slab":1,"stat.useItem.minecraft.redstone":35,"stat.pickup.variedcommodities.commissar_chest":3,"achievement.openInventory":334,"stat.pickup.minecraft.potion":4,"stat.useItem.minecraft.flint_and_steel":41,"stat.useItem.minecraft.lingering_potion":8,"stat.pickup.minecraft.lever":4,"stat.deaths":19,"stat.pickup.minecraft.egg":1,"stat.playOneMinute":992023,"stat.pickup.minecraft.iron_bars":2,"stat.fishCaught":5,"stat.chestOpened":14,"stat.useItem.minecraft.splash_potion":12,"stat.recordPlayed":5,"stat.useItem.minecraft.fish":1,"stat.useItem.minecraft.stone":13,"stat.pickup.minecraft.arrow":139,"stat.drop.minecraft.experience_bottle":1,"stat.pickup.variedcommodities.crown":2,"stat.useItem.minecraft.experience_bottle":103,"stat.fallOneCm":46764,"stat.drop.minecraft.stone":4,"stat.crouchOneCm":89773,"stat.pickup.minecraft.rail":110,"stat.pickup.variedcommodities.full_emerald_chest":5,"stat.craftingTableInteraction":1,"stat.pickup.customnpcs.npcteleporter":1,"stat.pickup.minecraft.comparator":2,"stat.pickup.minecraft.repeater":3,"stat.pickup.minecraft.feather":8,"stat.pickup.minecraft.planks":28,"stat.pickup.minecraft.wheat_seeds":4,"stat.mineBlock.minecraft.dirt":13,"stat.pickup.minecraft.record_13":4,"stat.pickup.minecraft.record_11":1,"stat.pickup.minecraft.golden_apple":111,"stat.drop.minecraft.stone_brick_stairs":1,"stat.pickup.variedcommodities.soldier_legs":3,"stat.pickup.minecraft.redstone_block":11,"stat.drop.minecraft.sign":1,"stat.pickup.variedcommodities.bullet":323,"stat.pickup.minecraft.wooden_door":6,"stat.pickup.minecraft.banner":71,"stat.pickup.minecraft.diamond_helmet":9,"stat.pickup.minecraft.golden_sword":2,"stat.useItem.minecraft.wooden_door":1,"stat.pickup.minecraft.iron_door":1,"stat.sneakTime":24336,"stat.pickup.minecraft.stone_slab":1,"stat.pickup.variedcommodities.elemental_staff":3,"stat.pickup.minecraft.yellow_flower":2,"stat.pickup.minecraft.golden_rail":33,"stat.useItem.minecraft.fishing_rod":16,"stat.drop.minecraft.wooden_axe":1,"stat.pickup.minecraft.tripwire_hook":2,"stat.pickup.minecraft.bone":4,"stat.pickup.minecraft.redstone_torch":49,"stat.useItem.minecraft.diamond_sword":301,"stat.swimOneCm":41287,"stat.drop.minecraft.cobblestone":1,"stat.pickup.customnpcs.npcmobcloner":3,"stat.useItem.minecraft.dirt":2,"stat.useItem.minecraft.stone_slab2":5111,"stat.pickup.minecraft.bow":7,"achievement.exploreAllBiomes":{"value":0,"progress":["Plains","Hell"]},"stat.pickup.variedcommodities.commissar_bottom":6,"stat.pickup.minecraft.anvil":1,"stat.drop.minecraft.quartz_stairs":1,"stat.pickup.minecraft.cobblestone":2,"stat.pickup.minecraft.quartz_stairs":1,"stat.pickup.minecraft.diamond_leggings":2,"stat.flyOneCm":4402464,"stat.pickup.minecraft.sandstone":8,"stat.pickup.minecraft.fish":8,"stat.useItem.variedcommodities.elemental_staff":1,"stat.pickup.minecraft.redstone":15,"stat.timeSinceDeath":479216,"stat.cauldronFilled":1,"stat.useItem.minecraft.wooden_slab":1,"achievement.cfm_gardening":47,"stat.drop.minecraft.repeater":1,"stat.useItem.minecraft.lever":17,"stat.drop.minecraft.iron_bars":2,"stat.pickup.minecraft.wooden_axe":2,"stat.drop.variedcommodities.full_emerald_chest":1,"stat.pickup.cfm.item_knife":1,"stat.killEntity.Creeper":4,"stat.pickup.minecraft.shield":6,"stat.pickup.variedcommodities.iron_broadsword":4,"stat.pickup.minecraft.string":2,"stat.drop.customnpcs.npcwand":1,"stat.pickup.variedcommodities.full_emerald_head":6,"stat.pickup.minecraft.birch_stairs":1,"stat.pickup.minecraft.sandstone_stairs":1,"stat.sprintOneCm":205355,"stat.drop.minecraft.potion":2,"stat.useItem.minecraft.stone_slab":3,"stat.pickup.variedcommodities.tuxedo_bottom":1,"stat.drop.minecraft.leaves":1,"stat.drop.minecraft.golden_apple":4,"stat.pickup.minecraft.diamond_chestplate":2,"stat.pickup.minecraft.leather_leggings":5,"stat.mineBlock.minecraft.planks":22,"stat.drop":42,"stat.pickup.minecraft.stone_button":2,"stat.useItem.minecraft.banner":1,"stat.drop.minecraft.redstone_block":1,"stat.pickup.minecraft.iron_block":2,"stat.killEntity.Zombie":4,"stat.pickup.minecraft.snowball":2,"stat.diveOneCm":32249,"stat.pickup.minecraft.purpur_pillar":1,"stat.pickup.minecraft.sign":1,"stat.useItem.minecraft.diamond_axe":17,"stat.useItem.minecraft.potion":17,"stat.pickup.minecraft.stone_brick_stairs":1,"stat.pickup.minecraft.diamond_sword":9,"stat.drop.minecraft.sandstone":5,"stat.jump":2087,"stat.pickup.minecraft.spider_eye":1,"stat.useItem.minecraft.stone_button":7,"stat.pickup.minecraft.dirt":15,"stat.pickup.minecraft.experience_bottle":1,"stat.pickup.minecraft.command_block":5,"stat.pickup.minecraft.red_sandstone":1,"stat.pickup.minecraft.leaves":1,"stat.damageTaken":40032,"stat.dispenserInspected":1,"stat.drop.minecraft.red_sandstone":1,"achievement.cfm_install":23,"stat.useItem.customnpcs.npcwand":9,"stat.cauldronUsed":1,"stat.useItem.variedcommodities.iron_broadsword":20,"stat.damageDealt":17453,"stat.useItem.customnpcs.npcmobcloner":2,"stat.walkOneCm":1431606,"stat.drop.minecraft.noteblock":1,"stat.pickup.minecraft.noteblock":1,"stat.useItem.minecraft.lava_bucket":4,"stat.drop.minecraft.iron_block":2,"stat.pickup.minecraft.stone":5,"stat.drop.minecraft.command_block":1,"stat.useItem.minecraft.redstone_ore":46,"stat.killEntity.Skeleton":2,"stat.pickup.minecraft.barrier":1,"stat.drop.minecraft.lever":2,"stat.drop.minecraft.dragon_breath":1,"stat.killEntity.Spider":2,"stat.mobKills":15,"stat.pickup.minecraft.dragon_breath":1,"stat.pickup.minecraft.diamond_boots":2,"stat.useItem.minecraft.golden_apple":5,"stat.pickup.minecraft.water_bucket":2,"stat.pickup.minecraft.golden_shovel":2,"stat.useItem.minecraft.writable_book":4,"stat.pickup.minecraft.torch":128,"stat.pickup.variedcommodities.assassin_legs":4,"stat.useItem.minecraft.sandstone":14}