{"stat.useItem.minecraft.bow":58,"stat.pickup.minecraft.tripwire_hook":1,"stat.useItem.minecraft.quartz_block":70,"stat.leaveGame":16,"stat.useItem.minecraft.diamond_sword":5,"stat.drop.minecraft.shield":1,"stat.swimOneCm":2426,"stat.craftItem.minecraft.shield":4,"stat.pickup.customnpcs.npcmobcloner":1,"stat.pickup.minecraft.glass":1,"stat.enderchestOpened":1,"stat.useItem.minecraft.stone_slab2":891,"stat.pickup.customnpcs.npcwand":4,"stat.pickup.minecraft.bow":6,"achievement.exploreAllBiomes":{"value":0,"progress":["Plains","Hell"]},"stat.pickup.minecraft.rotten_flesh":128,"stat.useItem.variedcommodities.rapier":21,"stat.pickup.minecraft.splash_potion":3,"stat.pickup.variedcommodities.commissar_bottom":2,"stat.pickup.minecraft.cobblestone":14,"stat.pickup.variedcommodities.rapier":8,"stat.pickup.minecraft.diamond_leggings":1,"stat.flyOneCm":2735221,"stat.pickup.minecraft.sandstone":3,"stat.pickup.minecraft.fish":2,"stat.killEntity.Villager":1,"stat.timeSinceDeath":119679,"stat.cauldronFilled":1,"stat.drop.variedcommodities.full_emerald_chest":1,"stat.pickup.variedcommodities.coin_emerald":256,"stat.pickup.minecraft.wooden_button":1,"stat.pickup.minecraft.shield":6,"stat.pickup.variedcommodities.x407_head":1,"stat.pickup.variedcommodities.commissar_head":3,"stat.talkedToVillager":3,"stat.pickup.variedcommodities.iron_broadsword":1,"stat.pickup.variedcommodities.full_emerald_head":3,"stat.sprintOneCm":206486,"stat.drop.variedcommodities.rapier":2,"stat.pickup.variedcommodities.commissar_chest":1,"achievement.openInventory":178,"stat.pickup.minecraft.potion":1,"stat.useItem.minecraft.snowball":251,"stat.useItem.minecraft.flint_and_steel":5,"stat.pickup.minecraft.diamond_chestplate":1,"stat.drop.minecraft.golden_apple":14,"stat.pickup.minecraft.leather_leggings":3,"stat.pickup.minecraft.spawn_egg":1,"stat.deaths":5,"stat.drop":23,"stat.playOneMinute":356437,"stat.killEntity.Zombie":4,"stat.pickup.minecraft.snowball":16,"stat.diveOneCm":1408,"stat.chestOpened":4,"stat.pickup.minecraft.sign":1,"stat.pickup.minecraft.arrow":174,"stat.pickup.variedcommodities.crown":3,"stat.pickup.minecraft.diamond_sword":6,"stat.drop.minecraft.sandstone":1,"stat.jump":854,"stat.fallOneCm":7232,"stat.crouchOneCm":11227,"stat.pickup.variedcommodities.full_emerald_chest":4,"stat.pickup.minecraft.dirt":8,"stat.craftingTableInteraction":7,"stat.pickup.minecraft.command_block":2,"stat.damageTaken":5044,"stat.pickup.minecraft.feather":4,"stat.noteblockTuned":1,"achievement.cfm_install":21,"stat.pickup.minecraft.planks":4,"stat.pickup.minecraft.quartz_block":3,"stat.pickup.variedcommodities.harp":1,"stat.damageDealt":35703,"stat.useItem.customnpcs.npcmobcloner":12,"stat.pickup.minecraft.flint_and_steel":1,"stat.walkOneCm":409770,"stat.pickup.minecraft.golden_apple":79,"stat.playerKills":5,"stat.pickup.variedcommodities.soldier_legs":2,"stat.useItem.minecraft.cobblestone":1,"stat.pickup.minecraft.redstone_block":2,"stat.pickup.variedcommodities.bullet":67,"stat.useItem.minecraft.redstone_block":15,"stat.pickup.minecraft.stone":1,"stat.pickup.minecraft.banner":14,"stat.drop.minecraft.bow":1,"stat.drop.minecraft.fish":1,"stat.useItem.minecraft.iron_sword":1,"stat.pickup.minecraft.diamond_helmet":3,"stat.mobKills":52,"stat.pickup.minecraft.diamond_boots":1,"stat.useItem.minecraft.golden_apple":4,"stat.drop.minecraft.leather_leggings":1,"stat.pickup.minecraft.torch":128,"stat.sneakTime":8884,"stat.drop.minecraft.quartz_block":1,"stat.pickup.variedcommodities.elemental_staff":2,"stat.pickup.variedcommodities.assassin_legs":1,"stat.useItem.minecraft.sandstone":9}