{"stat.chestOpened":3,"stat.beaconInteraction":1,"stat.useItem.minecraft.bow":94,"stat.pickup.minecraft.bone":3,"stat.useItem.minecraft.stone":2,"stat.leaveGame":22,"stat.pickup.minecraft.arrow":1,"stat.useItem.minecraft.diamond_axe":2,"stat.jump":1831,"stat.swimOneCm":24666,"stat.pickup.minecraft.coal":3,"stat.fallOneCm":5446,"stat.pickup.minecraft.iron_ingot":2,"stat.pickup.minecraft.gunpowder":1,"stat.crouchOneCm":424490,"stat.pickup.minecraft.rail":10,"stat.enderchestOpened":1,"stat.pickup.minecraft.spider_eye":1,"stat.useItem.minecraft.dirt":7,"stat.useItem.minecraft.stone_slab2":3849,"stat.pickup.minecraft.bow":1,"achievement.exploreAllBiomes":{"value":0,"progress":["Plains"]},"stat.useItem.minecraft.water_bucket":72,"stat.pickup.minecraft.rotten_flesh":6,"stat.damageTaken":710,"stat.dispenserInspected":1,"stat.useItem.minecraft.reeds":43,"stat.killEntity.Enderman":2,"stat.pickup.cfm.grill":1,"achievement.cfm_install":23,"stat.pickup.minecraft.reeds":1,"stat.useItem.customnpcs.npcwand":1,"stat.flyOneCm":8509660,"stat.damageDealt":4579,"stat.timeSinceDeath":355976,"stat.useItem.customnpcs.npcmobcloner":6,"stat.killEntity.Bat":3,"stat.walkOneCm":1394261,"stat.pickup.minecraft.golden_apple":1,"stat.pickup.minecraft.wooden_axe":1,"stat.killEntity.ZombieVillager":1,"stat.killEntity.Creeper":3,"stat.pickup.minecraft.string":4,"stat.useItem.minecraft.redstone_block":103,"stat.useItem.minecraft.item_frame":14,"stat.shulkerBoxOpened":2,"stat.pickup.minecraft.silver_shulker_box":1,"stat.pickup.minecraft.sapling":2,"stat.sprintOneCm":616717,"stat.pickup.minecraft.apple":2,"stat.killEntity.Skeleton":4,"stat.useItem.minecraft.stone_slab":9,"achievement.openInventory":136,"stat.useItem.minecraft.iron_sword":22,"stat.useItem.minecraft.snowball":8,"stat.useItem.minecraft.flint_and_steel":51,"stat.killEntity.Spider":3,"stat.pickup.minecraft.bread":2,"stat.mobKills":24,"stat.deaths":1,"stat.pickup.minecraft.diamond":1,"stat.drop":1,"stat.pickup.minecraft.beetroot_seeds":6,"stat.playOneMinute":614356,"stat.pickup.minecraft.torch":12,"stat.sneakTime":23160,"stat.killEntity.Zombie":7,"stat.pickup.minecraft.item_frame":2,"stat.useItem.minecraft.map":15,"stat.diveOneCm":48726,"stat.drop.minecraft.wooden_axe":1}