{
    "ItemGiverChained": [
    ],
    "TransportData": [
    ],
    "NpcsTimers": [
    ],
    "FactionData": [
        {
            "Points": 2000,
            "Faction": 0
        },
        {
            "Points": 1000,
            "Faction": 1
        },
        {
            "Points": 0,
            "Faction": 2
        }
    ],
    "BankData": [
    ],
    "ItemGiversList": [
    ],
    "MailData": [
    ],
    "PlayerName": "AjomiusDecimus",
    "QuestData": {
        "CompletedQuests": [
        ],
        "ActiveQuests": [
        ]
    },
    "UUID": "fa217e3f-9980-3752-bc9b-2a19e57e1c40",
    "PlayerCompanionId": 0,
    "DialogData": [
    ]
}
